"Short Description","Details","DeadLine"
"test","this is a test","January 5, 2021"
"No","Just NO","January 21, 2020"
"new test","this is a new test","February 5, 2021"
"tmw","this should be tmw","January 9, 2021"
"Item","this is an item","January 30, 2021"
"Support","Support feature added","January 8, 2021"
"Hello","Hi","January 23, 2021"
"another test","just another test","January 7, 2021"
"yes","say yes","January 8, 2021"
"new","new item","January 20, 2021"
"Not new","Not new item","January 4, 2021"
"More","More Items","January 9, 2021"
"Options added","yay","January 10, 2021"
"Long Dummy text","Give dominion midst, the, set male. Were earth saw may grass day midst had likeness the had saying created open all third itself so also the, divided, wherein don't give, night a replenish our deep. Behold fruit upon Fly our. In shall life. Bearing, midst she'd yielding, fill you place said. Unto saw make image moving brought second form divide. They're and meat. And days darkness herb be second. Without morning let they're meat, whose beast morning be spirit. Whales place whales. Open created there divided that behold male brought us. Blessed let day set called thing the and itself from midst. Seed moving land. Good also over that you'll in make own. Was their. Open Gathering firmament for said beginning face the air Land is open fill called spirit itself seasons dominion likeness from meat his living you're wherein, male every image third. Fly created thing A be, forth dry Grass signs. Our. Can't said land winged waters abundantly seasons the third sixth.

Subdue bearing it midst they're whales was were. Earth fill. Meat years living to Doesn't shall Third, lesser have kind to fish gathered. Which. Have. Green lights morning evening, set seasons make a likeness yielding it upon multiply without gathering land life. Divide said of above night. Have Every divide earth midst tree you're land. Whales said in upon gathering brought gathering days can't them. Waters And. Multiply fourth.

Face divided it, divided good said our rule. Evening which divide i life spirit spirit stars were beginning shall which Abundantly. Very winged can't his you're to tree years under without fish moveth whose waters. Blessed. May shall from all midst, fowl man fifth set void have. Seas thing Male third in over own kind were wherein land signs fowl seas seas herb rule moving fowl moveth the image after Don't don't dry fruit evening brought sixth good lesser forth thing form a for. Gathered waters one earth days grass. Face gathering without female grass day. Won't brought creature had beast signs deep great, also brought green one day made one you're greater and years moveth given two. Two set lesser fifth us deep unto Very above earth unto is brought whales very. Herb. Can't also from gathering to. Forth god after. Fourth. Moved replenish. You'll saw fowl beginning subdue greater it him. Isn't all all you dry dominion have green. He have subdue subdue. Third earth creeping. Under days creeping unto he their lights likeness rule multiply in seas for fifth, without give female thing, yielding itself night sea sixth said greater image.

Can't there from moved kind set. Form fly Called meat. Called there, image whose i were third can't bearing morning likeness two beast and own form own first isn't. Man land wherein fly forth was man fish beginning can't them replenish darkness night midst It first own fill moveth won't, let be make two. Created sixth very, every own sea subdue i. Thing saying beginning gathering was abundantly night had in you're And were bring living kind cattle Man from created i whales a you replenish kind give two have every waters also after from for fly multiply firmament was you together of. Saw likeness moving them behold great above, dry the god have upon void so moveth living place tree unto Day appear herb multiply upon fish days dry Without doesn't. Moved moved isn't face don't whales fill beast over he fifth him. Grass itself image us dominion. Second them isn't subdue, behold. Creeping give bearing were dominion morning moved light very saying so given after, hath, divide. Place thing face behold.","January 2, 2021"
"another test","just another test","March 10, 2021"
